{
  "format_version": "1.20.60",
  "minecraft:biome": {
    "description": {
      "identifier": "minecraft:cold_beach"
    },
    "components": {
      "minecraft:climate": {
        "downfall": 0.3,
        "snow_accumulation": [ 0.125, 0.25 ],
        "temperature": 0.05
      },
      "minecraft:overworld_height": {
        "noise_type": "beach"
      },
      "minecraft:surface_builder": {
        "builder": {
          "type": "minecraft:overworld",
          "sea_floor_depth": 7,
          "sea_floor_material": "minecraft:gravel",
          "foundation_material": "minecraft:stone",
          "mid_material": "minecraft:sand",
          "top_material": "minecraft:sand",
          "sea_material": "minecraft:water"
        }
      },

      "minecraft:tags": {
        "tags": [
          "beach",
          "cold",
          "monster",
          "overworld",
          "spawns_cold_variant_farm_animals",
          "spawns_cold_variant_frogs",
          "spawns_snow_foxes",
          "spawns_white_rabbits"
        ]
      }
    }
  }
}
