{
  "format_version": "1.20.60",
  "minecraft:biome": {
    "description": {
      "identifier": "minecraft:swampland_mutated"
    },
    "components": {
      "minecraft:climate": {
        "downfall": 0.5,
        "snow_accumulation": [ 0.0, 0.125 ],
        "temperature": 0.8
      },
      "minecraft:map_tints" : {
        "grass": {
          "type": "noise"
        },
        "foliage": "#6a7039"
      },
      "minecraft:overworld_height": {
        "noise_params": [ -0.1, 0.3 ]
      },
      "minecraft:surface_builder": {
        "builder": {
          "type": "minecraft:swamp",
          "sea_floor_depth": 7,
          "sea_floor_material": "minecraft:gravel",
          "foundation_material": "minecraft:stone",
          "mid_material": "minecraft:dirt",
          "top_material": "minecraft:grass_block",
          "sea_material": "minecraft:water"
        }
      },

      "minecraft:tags": {
        "tags": [
          "animal",
          "monster",
          "mutated",
          "swamp",
          "overworld_generation",
          "spawns_slimes_on_surface"
        ]
      }
    }
  }
}
