{
  "format_version": "1.21.80",
  "minecraft:crafting_items_catalog": {
    "categories": [
      {
        "category_name": "equipment",
        "groups": [
          {
            "group_identifier": {
              "icon": "minecraft:leather_helmet",
              "name": "minecraft:itemGroup.name.helmet"
            },
            "items": [
              "minecraft:copper_helmet"
            ]
          },
          {
            "group_identifier": {
              "icon": "minecraft:leather_chestplate",
              "name": "minecraft:itemGroup.name.chestplate"
            },
            "items": [
              "minecraft:copper_chestplate"
            ]
          },
          {
            "group_identifier": {
              "icon": "minecraft:leather_leggings",
              "name": "minecraft:itemGroup.name.leggings"
            },
            "items": [
              "minecraft:copper_leggings"
            ]
          },
          {
            "group_identifier": {
              "icon": "minecraft:leather_boots",
              "name": "minecraft:itemGroup.name.boots"
            },
            "items": [
              "minecraft:copper_boots"
            ]
          },
          {
            "group_identifier": {
              "icon": "minecraft:wooden_sword",
              "name": "minecraft:itemGroup.name.sword"
            },
            "items": [
              "minecraft:copper_sword"
            ]
          },
          {
            "group_identifier": {
              "icon": "minecraft:wooden_axe",
              "name": "minecraft:itemGroup.name.axe"
            },
            "items": [
              "minecraft:copper_axe"
            ]
          },
          {
            "group_identifier": {
              "icon": "minecraft:wooden_pickaxe",
              "name": "minecraft:itemGroup.name.pickaxe"
            },
            "items": [
              "minecraft:copper_pickaxe"
            ]
          },
          {
            "group_identifier": {
              "icon": "minecraft:wooden_shovel",
              "name": "minecraft:itemGroup.name.shovel"
            },
            "items": [
              "minecraft:copper_shovel"
            ]
          },
          {
            "group_identifier": {
              "icon": "minecraft:wooden_hoe",
              "name": "minecraft:itemGroup.name.hoe"
            },
            "items": [
              "minecraft:copper_hoe"
            ]
          }
        ]
      },
      {
        "category_name": "items",
        "groups": [
          {
            "items": [
              "minecraft:copper_nugget"
            ]
          },
          {
            "group_identifier": {
              "icon": "minecraft:chest",
              "name": "minecraft:itemGroup.name.chest"
            },
            "items": [
              "minecraft:copper_chest",
              "minecraft:exposed_copper_chest",
              "minecraft:weathered_copper_chest",
              "minecraft:oxidized_copper_chest",
              "minecraft:waxed_copper_chest",
              "minecraft:waxed_exposed_copper_chest",
              "minecraft:waxed_weathered_copper_chest",
              "minecraft:waxed_oxidized_copper_chest"
            ]
          }
        ]
      },
      {
        "category_name": "nature",
        "groups": [
          {
            "group_identifier": {
              "icon": "minecraft:chicken_spawn_egg",
              "name": "minecraft:itemGroup.name.mobEgg"
            },
            "items": [
              "minecraft:copper_golem_spawn_egg"
            ]
          }
        ]
      }
    ]
  }
}